{
  "features": [
    "is_transfer",
    "is_cash_out",
    "is_payment",
    "is_debit",
    "is_cash_in",
    "orig_zero",
    "dest_zero",
    "step",
    "amount",
    "oldbalanceOrg",
    "oldbalanceDest",
    "amount_log",
    "oldbalanceOrg_log"
  ],
  "weights": [
    0.8536226774533252,
    0.3522948861151365,
    -1.0168117684988645,
    -0.02305823268911781,
    -1.0633795432565916,
    -0.6509166404290962,
    0.3215652599928963,
    -0.1978977047310245,
    0.5591625847422068,
    -0.46123238490729906,
    -0.33992629971997756,
    0.33101088280525853,
    1.1123574193437604
  ],
  "bias": -0.9017232021058724,
  "epochs": 90,
  "learning_rate": 0.18,
  "positive_weight": 8.53587497040019
}