{
  "features": [
    "is_transfer",
    "is_cash_out",
    "is_payment",
    "is_debit",
    "is_cash_in",
    "orig_zero",
    "dest_zero",
    "step",
    "amount",
    "oldbalanceOrg",
    "oldbalanceDest",
    "amount_log",
    "oldbalanceOrg_log"
  ],
  "class_priors": {
    "0": 0.8951328532406257,
    "1": 0.10486714675937422
  },
  "means": {
    "0": [
      0.08389047632257886,
      0.35523067106832745,
      0.3360889949232946,
      0.006269592476489028,
      0.21852026520931006,
      0.3349515909784448,
      0.4226149194107693,
      0.01939025864853705,
      -0.15030415815993659,
      -0.02659615602858161,
      0.028899499599783815,
      -0.10910633706412123,
      -0.09961352733369089
    ],
    "1": [
      0.49775041439734785,
      0.5022495856026521,
      0.0,
      0.0,
      0.0,
      0.006630357565711579,
      0.6466966611413687,
      -0.1655128234676333,
      1.2829775015844742,
      0.2270214625532278,
      -0.24668251529088484,
      0.9313180516576777,
      0.8502886146809266
    ]
  },
  "variances": {
    "0": [
      0.07685499638241472,
      0.22904819555484845,
      0.22313937264895647,
      0.006230457529276855,
      0.1707738964363942,
      0.22276520253360307,
      0.2440183187509388,
      0.9995409377277672,
      0.2908177545193587,
      0.9982902264058335,
      1.0511782510974104,
      0.8948735163054138,
      1.005582202144778
    ],
    "1": [
      0.25005415180880497,
      0.25005415180880497,
      1e-06,
      1e-06,
      1e-06,
      0.0065879559422454,
      0.22853420616364808,
      0.9735450922676652,
      5.215689989968911,
      0.9572440399939497,
      0.49529698733487215,
      0.9285754977718728,
      0.1446956295794263
    ]
  }
}