{
  "tree": {
    "threshold": 0.8,
    "validation_confusion": {
      "tp": 971,
      "tn": 3345,
      "fp": 283,
      "fn": 145
    },
    "validation_scores": {
      "accuracy": 0.9097807757166948,
      "precision": 0.7743221690590112,
      "recall": 0.8700716845878136,
      "specificity": 0.9219955898566703,
      "f1": 0.8194092827004219,
      "balanced_accuracy": 0.8960336372222419
    },
    "test_confusion": {
      "tp": 2514,
      "tn": 1949,
      "fp": 163,
      "fn": 360
    },
    "test_scores": {
      "accuracy": 0.8951062976333735,
      "precision": 0.9391109450877848,
      "recall": 0.8747390396659708,
      "specificity": 0.9228219696969697,
      "f1": 0.9057827418483156,
      "balanced_accuracy": 0.8987805046814703
    }
  },
  "logistic_regression": {
    "threshold": 0.6,
    "validation_confusion": {
      "tp": 901,
      "tn": 3457,
      "fp": 171,
      "fn": 215
    },
    "validation_scores": {
      "accuracy": 0.9186340640809444,
      "precision": 0.8404850746268657,
      "recall": 0.807347670250896,
      "specificity": 0.9528665931642778,
      "f1": 0.8235831809872028,
      "balanced_accuracy": 0.8801071317075869
    },
    "test_confusion": {
      "tp": 2266,
      "tn": 2004,
      "fp": 108,
      "fn": 608
    },
    "test_scores": {
      "accuracy": 0.8563979141596471,
      "precision": 0.9545071609098568,
      "recall": 0.7884481558803061,
      "specificity": 0.9488636363636364,
      "f1": 0.8635670731707318,
      "balanced_accuracy": 0.8686558961219712
    }
  },
  "gaussian_nb": {
    "threshold": 0.9,
    "validation_confusion": {
      "tp": 1102,
      "tn": 2834,
      "fp": 794,
      "fn": 14
    },
    "validation_scores": {
      "accuracy": 0.8296795952782462,
      "precision": 0.5812236286919831,
      "recall": 0.9874551971326165,
      "specificity": 0.7811466372657111,
      "f1": 0.7317397078353253,
      "balanced_accuracy": 0.8843009171991638
    },
    "test_confusion": {
      "tp": 2839,
      "tn": 1589,
      "fp": 523,
      "fn": 35
    },
    "test_scores": {
      "accuracy": 0.8880866425992779,
      "precision": 0.8444378346222486,
      "recall": 0.9878218510786361,
      "specificity": 0.7523674242424242,
      "f1": 0.9105195638229635,
      "balanced_accuracy": 0.8700946376605301
    }
  },
  "scaling_stats": {
    "step": {
      "feature": "step",
      "clip_low": 9.0,
      "clip_high": 378.0,
      "mean": 204.90285572386392,
      "std": 111.01019682999049
    },
    "amount": {
      "feature": "amount",
      "clip_low": 457.41,
      "clip_high": 5239429.19,
      "mean": 273644.93665185,
      "std": 683952.091512114
    },
    "oldbalanceOrg": {
      "feature": "oldbalanceOrg",
      "clip_low": 0.0,
      "clip_high": 15857536.13,
      "mean": 841343.2888398311,
      "std": 2495821.5574898934
    },
    "oldbalanceDest": {
      "feature": "oldbalanceDest",
      "clip_low": 0.0,
      "clip_high": 11644938.02,
      "mean": 920173.360067544,
      "std": 1961377.4545091551
    },
    "amount_log": {
      "feature": "amount_log",
      "clip_low": 6.127763980171312,
      "clip_high": 15.471723308017934,
      "mean": 11.053959146853817,
      "std": 1.8886049407051264
    },
    "oldbalanceOrg_log": {
      "feature": "oldbalanceOrg_log",
      "clip_low": 0.0,
      "clip_high": 16.579155473966242,
      "mean": 7.945156095832137,
      "std": 5.667058874270458
    }
  }
}